fid,field_1,Unnamed: 0,약국명_y,주소_y,전화번호,좌표정보(X),좌표정보(Y),월요일 운영,화요일 운영,수요일 운영,목요일 운영,금요일 운영,토요일 운영,일요일 운영,공휴일 운영,CLUSTER_ID,CLUSTER_SIZE,ringId,distance,NUMPOINTS
"2","42","42",고서약국,전라남도 담양군 고서면 가사문학로 329,061-381-3338,126.9737538,35.2233747,08:00~19:00,08:00~19:00,08:00~19:00,08:00~19:00,08:00~19:00,08:00~15:00,"-","-","1","2","1",1000,9
"7","145","145",담양유명약국,전라남도 담양군 수북면 추성1로 734,061-381-6275,126.9318063,35.3018024,08:30~12:30,08:30~12:30,08:30~12:30,08:30~12:30,08:30~12:30,"-","-","-","2","2","1",1000,15
"19","428","428",수북좋은약국,"전라남도 담양군 수북면 한수동로 564-1,",061-381-9908,126.9305397,35.302193,08:30~13:00,08:30~13:00,08:30~13:00,08:30~13:00,08:30~13:00,08:30~13:00,"-","-","2","2","1",1000,13
"25","569","569",우리약국,전라남도 담양군 고서면 원등1길 4,061-381-1390,126.974075,35.2232167,08:00~19:00,08:00~19:00,08:00~19:00,08:00~19:00,08:00~19:00,08:00~15:00,"-","-","1","2","1",1000,11
"37","757","757",태원약국,전라남도 담양군 대전면 추성1로 198,061-382-5316,126.8879412,35.2766941,08:00~18:30,08:00~18:30,08:00~18:30,08:00~18:30,08:00~18:30,08:00~15:00,"-","-","0","2","1",1000,17
"43","833","833",한재약국,"전라남도 담양군 대전면 추성1로 190,",061-383-2896,126.8871368,35.2762945,08:30~13:00,08:30~13:00,08:30~13:00,08:30~13:00,08:30~13:00,08:30~13:00,"-","-","0","2","1",1000,16
