fid,field_1,Unnamed: 0,약국명_y,주소_y,전화번호,좌표정보(X),좌표정보(Y),월요일 운영,화요일 운영,수요일 운영,목요일 운영,금요일 운영,토요일 운영,일요일 운영,공휴일 운영,CLUSTER_ID,CLUSTER_SIZE,ringId,distance,NUMPOINTS
"12","244","244",미래약국,전라남도 함평군 해보면 밀재로 1293,061-322-8760,126.6048645,35.1810447,08:00~18:00,08:00~18:00,08:00~18:00,08:00~18:00,08:00~18:00,08:00~15:00,"-","-","1","1","1",1000.000000,15
"15","359","359",새태평양약국,전라남도 함평군 나산면 나산길 58 (나산면),061-324-1448,126.6109218,35.1124034,08:30~17:30,08:30~17:30,08:30~17:30,08:30~17:30,08:30~17:30,08:30~18:00,"-","-","0","2","1",1000.000000,17
"38","760","760",태평양약국,전라남도 함평군 나산면 나산길 64,061-324-1448,126.6109218,35.1124034,08:00~16:30,08:00~16:30,08:00~16:30,08:00~16:30,08:00~16:30,08:00~12:30,"-","-","0","2","1",1000.000000,17
