fid,field_1,Unnamed: 0,약국명_y,주소_y,전화번호,좌표정보(X),좌표정보(Y),월요일 운영,화요일 운영,수요일 운영,목요일 운영,금요일 운영,토요일 운영,일요일 운영,공휴일 운영,CLUSTER_ID,CLUSTER_SIZE,ringId,distance,NUMPOINTS
"4","67","67",구영약국,전라남도 신안군 암태면 중부로 1820-4,061-271-4287,126.1145745,34.8289262,08:00~20:00,08:00~20:00,08:00~20:00,08:00~20:00,08:00~20:00,08:00~13:00,"-","-","2","1","1",1000,8
"18","393","393",세명약국,"전라남도 신안군 비금면 송치길 155-19,",061-275-7588,125.9327628,34.7212122,08:00~21:00,08:00~21:00,08:00~21:00,08:00~21:00,08:00~21:00,08:00~17:00,"-","-","0","1","1",1000,6
"27","594","594",유한약국,"전라남도 신안군 임자면 임자로 146,",061-275-8288,126.1071864,35.0864667,08:00~18:00,08:00~18:00,08:00~18:00,08:00~18:00,08:00~18:00,08:00~13:00,"-","-","1","1","1",1000,7
